--
-- PostgreSQL database dump
--

-- Dumped from database version 13.2
-- Dumped by pg_dump version 13.2

SET statement_timeout = 0;
SET lock_timeout = 0;
SET idle_in_transaction_session_timeout = 0;
SET client_encoding = 'UTF8';
SET standard_conforming_strings = on;
SELECT pg_catalog.set_config('search_path', '', false);
SET check_function_bodies = false;
SET xmloption = content;
SET client_min_messages = warning;
SET row_security = off;

SET default_tablespace = '';

SET default_table_access_method = heap;

--
-- Name: auth_group; Type: TABLE; Schema: public; Owner: postgres
--

CREATE TABLE public.auth_group (
    id integer NOT NULL,
    name character varying(150) NOT NULL
);


ALTER TABLE public.auth_group OWNER TO postgres;

--
-- Name: auth_group_id_seq; Type: SEQUENCE; Schema: public; Owner: postgres
--

CREATE SEQUENCE public.auth_group_id_seq
    AS integer
    START WITH 1
    INCREMENT BY 1
    NO MINVALUE
    NO MAXVALUE
    CACHE 1;


ALTER TABLE public.auth_group_id_seq OWNER TO postgres;

--
-- Name: auth_group_id_seq; Type: SEQUENCE OWNED BY; Schema: public; Owner: postgres
--

ALTER SEQUENCE public.auth_group_id_seq OWNED BY public.auth_group.id;


--
-- Name: auth_group_permissions; Type: TABLE; Schema: public; Owner: postgres
--

CREATE TABLE public.auth_group_permissions (
    id integer NOT NULL,
    group_id integer NOT NULL,
    permission_id integer NOT NULL
);


ALTER TABLE public.auth_group_permissions OWNER TO postgres;

--
-- Name: auth_group_permissions_id_seq; Type: SEQUENCE; Schema: public; Owner: postgres
--

CREATE SEQUENCE public.auth_group_permissions_id_seq
    AS integer
    START WITH 1
    INCREMENT BY 1
    NO MINVALUE
    NO MAXVALUE
    CACHE 1;


ALTER TABLE public.auth_group_permissions_id_seq OWNER TO postgres;

--
-- Name: auth_group_permissions_id_seq; Type: SEQUENCE OWNED BY; Schema: public; Owner: postgres
--

ALTER SEQUENCE public.auth_group_permissions_id_seq OWNED BY public.auth_group_permissions.id;


--
-- Name: auth_permission; Type: TABLE; Schema: public; Owner: postgres
--

CREATE TABLE public.auth_permission (
    id integer NOT NULL,
    name character varying(255) NOT NULL,
    content_type_id integer NOT NULL,
    codename character varying(100) NOT NULL
);


ALTER TABLE public.auth_permission OWNER TO postgres;

--
-- Name: auth_permission_id_seq; Type: SEQUENCE; Schema: public; Owner: postgres
--

CREATE SEQUENCE public.auth_permission_id_seq
    AS integer
    START WITH 1
    INCREMENT BY 1
    NO MINVALUE
    NO MAXVALUE
    CACHE 1;


ALTER TABLE public.auth_permission_id_seq OWNER TO postgres;

--
-- Name: auth_permission_id_seq; Type: SEQUENCE OWNED BY; Schema: public; Owner: postgres
--

ALTER SEQUENCE public.auth_permission_id_seq OWNED BY public.auth_permission.id;


--
-- Name: auth_user; Type: TABLE; Schema: public; Owner: postgres
--

CREATE TABLE public.auth_user (
    id integer NOT NULL,
    password character varying(128) NOT NULL,
    last_login timestamp with time zone,
    is_superuser boolean NOT NULL,
    username character varying(150) NOT NULL,
    first_name character varying(150) NOT NULL,
    last_name character varying(150) NOT NULL,
    email character varying(254) NOT NULL,
    is_staff boolean NOT NULL,
    is_active boolean NOT NULL,
    date_joined timestamp with time zone NOT NULL
);


ALTER TABLE public.auth_user OWNER TO postgres;

--
-- Name: auth_user_groups; Type: TABLE; Schema: public; Owner: postgres
--

CREATE TABLE public.auth_user_groups (
    id integer NOT NULL,
    user_id integer NOT NULL,
    group_id integer NOT NULL
);


ALTER TABLE public.auth_user_groups OWNER TO postgres;

--
-- Name: auth_user_groups_id_seq; Type: SEQUENCE; Schema: public; Owner: postgres
--

CREATE SEQUENCE public.auth_user_groups_id_seq
    AS integer
    START WITH 1
    INCREMENT BY 1
    NO MINVALUE
    NO MAXVALUE
    CACHE 1;


ALTER TABLE public.auth_user_groups_id_seq OWNER TO postgres;

--
-- Name: auth_user_groups_id_seq; Type: SEQUENCE OWNED BY; Schema: public; Owner: postgres
--

ALTER SEQUENCE public.auth_user_groups_id_seq OWNED BY public.auth_user_groups.id;


--
-- Name: auth_user_id_seq; Type: SEQUENCE; Schema: public; Owner: postgres
--

CREATE SEQUENCE public.auth_user_id_seq
    AS integer
    START WITH 1
    INCREMENT BY 1
    NO MINVALUE
    NO MAXVALUE
    CACHE 1;


ALTER TABLE public.auth_user_id_seq OWNER TO postgres;

--
-- Name: auth_user_id_seq; Type: SEQUENCE OWNED BY; Schema: public; Owner: postgres
--

ALTER SEQUENCE public.auth_user_id_seq OWNED BY public.auth_user.id;


--
-- Name: auth_user_user_permissions; Type: TABLE; Schema: public; Owner: postgres
--

CREATE TABLE public.auth_user_user_permissions (
    id integer NOT NULL,
    user_id integer NOT NULL,
    permission_id integer NOT NULL
);


ALTER TABLE public.auth_user_user_permissions OWNER TO postgres;

--
-- Name: auth_user_user_permissions_id_seq; Type: SEQUENCE; Schema: public; Owner: postgres
--

CREATE SEQUENCE public.auth_user_user_permissions_id_seq
    AS integer
    START WITH 1
    INCREMENT BY 1
    NO MINVALUE
    NO MAXVALUE
    CACHE 1;


ALTER TABLE public.auth_user_user_permissions_id_seq OWNER TO postgres;

--
-- Name: auth_user_user_permissions_id_seq; Type: SEQUENCE OWNED BY; Schema: public; Owner: postgres
--

ALTER SEQUENCE public.auth_user_user_permissions_id_seq OWNED BY public.auth_user_user_permissions.id;


--
-- Name: contacts_contact; Type: TABLE; Schema: public; Owner: postgres
--

CREATE TABLE public.contacts_contact (
    id integer NOT NULL,
    listing character varying(200) NOT NULL,
    listing_id integer NOT NULL,
    name character varying(200) NOT NULL,
    email character varying(100) NOT NULL,
    phone character varying(100) NOT NULL,
    message text NOT NULL,
    contact_date timestamp with time zone NOT NULL,
    user_id integer NOT NULL
);


ALTER TABLE public.contacts_contact OWNER TO postgres;

--
-- Name: contacts_contact_id_seq; Type: SEQUENCE; Schema: public; Owner: postgres
--

CREATE SEQUENCE public.contacts_contact_id_seq
    AS integer
    START WITH 1
    INCREMENT BY 1
    NO MINVALUE
    NO MAXVALUE
    CACHE 1;


ALTER TABLE public.contacts_contact_id_seq OWNER TO postgres;

--
-- Name: contacts_contact_id_seq; Type: SEQUENCE OWNED BY; Schema: public; Owner: postgres
--

ALTER SEQUENCE public.contacts_contact_id_seq OWNED BY public.contacts_contact.id;


--
-- Name: django_admin_log; Type: TABLE; Schema: public; Owner: postgres
--

CREATE TABLE public.django_admin_log (
    id integer NOT NULL,
    action_time timestamp with time zone NOT NULL,
    object_id text,
    object_repr character varying(200) NOT NULL,
    action_flag smallint NOT NULL,
    change_message text NOT NULL,
    content_type_id integer,
    user_id integer NOT NULL,
    CONSTRAINT django_admin_log_action_flag_check CHECK ((action_flag >= 0))
);


ALTER TABLE public.django_admin_log OWNER TO postgres;

--
-- Name: django_admin_log_id_seq; Type: SEQUENCE; Schema: public; Owner: postgres
--

CREATE SEQUENCE public.django_admin_log_id_seq
    AS integer
    START WITH 1
    INCREMENT BY 1
    NO MINVALUE
    NO MAXVALUE
    CACHE 1;


ALTER TABLE public.django_admin_log_id_seq OWNER TO postgres;

--
-- Name: django_admin_log_id_seq; Type: SEQUENCE OWNED BY; Schema: public; Owner: postgres
--

ALTER SEQUENCE public.django_admin_log_id_seq OWNED BY public.django_admin_log.id;


--
-- Name: django_content_type; Type: TABLE; Schema: public; Owner: postgres
--

CREATE TABLE public.django_content_type (
    id integer NOT NULL,
    app_label character varying(100) NOT NULL,
    model character varying(100) NOT NULL
);


ALTER TABLE public.django_content_type OWNER TO postgres;

--
-- Name: django_content_type_id_seq; Type: SEQUENCE; Schema: public; Owner: postgres
--

CREATE SEQUENCE public.django_content_type_id_seq
    AS integer
    START WITH 1
    INCREMENT BY 1
    NO MINVALUE
    NO MAXVALUE
    CACHE 1;


ALTER TABLE public.django_content_type_id_seq OWNER TO postgres;

--
-- Name: django_content_type_id_seq; Type: SEQUENCE OWNED BY; Schema: public; Owner: postgres
--

ALTER SEQUENCE public.django_content_type_id_seq OWNED BY public.django_content_type.id;


--
-- Name: django_migrations; Type: TABLE; Schema: public; Owner: postgres
--

CREATE TABLE public.django_migrations (
    id integer NOT NULL,
    app character varying(255) NOT NULL,
    name character varying(255) NOT NULL,
    applied timestamp with time zone NOT NULL
);


ALTER TABLE public.django_migrations OWNER TO postgres;

--
-- Name: django_migrations_id_seq; Type: SEQUENCE; Schema: public; Owner: postgres
--

CREATE SEQUENCE public.django_migrations_id_seq
    AS integer
    START WITH 1
    INCREMENT BY 1
    NO MINVALUE
    NO MAXVALUE
    CACHE 1;


ALTER TABLE public.django_migrations_id_seq OWNER TO postgres;

--
-- Name: django_migrations_id_seq; Type: SEQUENCE OWNED BY; Schema: public; Owner: postgres
--

ALTER SEQUENCE public.django_migrations_id_seq OWNED BY public.django_migrations.id;


--
-- Name: django_session; Type: TABLE; Schema: public; Owner: postgres
--

CREATE TABLE public.django_session (
    session_key character varying(40) NOT NULL,
    session_data text NOT NULL,
    expire_date timestamp with time zone NOT NULL
);


ALTER TABLE public.django_session OWNER TO postgres;

--
-- Name: listings_listing; Type: TABLE; Schema: public; Owner: postgres
--

CREATE TABLE public.listings_listing (
    id integer NOT NULL,
    title character varying(250) NOT NULL,
    address character varying(250) NOT NULL,
    city character varying(100) NOT NULL,
    state character varying(20) NOT NULL,
    zipcode character varying(10) NOT NULL,
    description text NOT NULL,
    price integer NOT NULL,
    bedrooms integer NOT NULL,
    bathroom numeric(3,1) NOT NULL,
    garage integer NOT NULL,
    squarefoot integer NOT NULL,
    lot_size numeric(5,1) NOT NULL,
    photo_main character varying(100) NOT NULL,
    photo_1 character varying(100) NOT NULL,
    photo_2 character varying(100) NOT NULL,
    photo_3 character varying(100) NOT NULL,
    photo_4 character varying(100) NOT NULL,
    photo_5 character varying(100) NOT NULL,
    photo_6 character varying(100) NOT NULL,
    photo_7 character varying(100) NOT NULL,
    photo_8 character varying(100) NOT NULL,
    photo_9 character varying(100) NOT NULL,
    photo_10 character varying(100) NOT NULL,
    is_published boolean NOT NULL,
    list_date timestamp with time zone NOT NULL,
    realtor_id integer NOT NULL
);


ALTER TABLE public.listings_listing OWNER TO postgres;

--
-- Name: listings_listing_id_seq; Type: SEQUENCE; Schema: public; Owner: postgres
--

CREATE SEQUENCE public.listings_listing_id_seq
    AS integer
    START WITH 1
    INCREMENT BY 1
    NO MINVALUE
    NO MAXVALUE
    CACHE 1;


ALTER TABLE public.listings_listing_id_seq OWNER TO postgres;

--
-- Name: listings_listing_id_seq; Type: SEQUENCE OWNED BY; Schema: public; Owner: postgres
--

ALTER SEQUENCE public.listings_listing_id_seq OWNED BY public.listings_listing.id;


--
-- Name: realtors_realtor; Type: TABLE; Schema: public; Owner: postgres
--

CREATE TABLE public.realtors_realtor (
    id integer NOT NULL,
    name character varying(250) NOT NULL,
    photo character varying(100) NOT NULL,
    description text NOT NULL,
    phone character varying(20) NOT NULL,
    email character varying(75) NOT NULL,
    is_mvp boolean NOT NULL,
    hire_date timestamp with time zone NOT NULL
);


ALTER TABLE public.realtors_realtor OWNER TO postgres;

--
-- Name: realtors_realtor_id_seq; Type: SEQUENCE; Schema: public; Owner: postgres
--

CREATE SEQUENCE public.realtors_realtor_id_seq
    AS integer
    START WITH 1
    INCREMENT BY 1
    NO MINVALUE
    NO MAXVALUE
    CACHE 1;


ALTER TABLE public.realtors_realtor_id_seq OWNER TO postgres;

--
-- Name: realtors_realtor_id_seq; Type: SEQUENCE OWNED BY; Schema: public; Owner: postgres
--

ALTER SEQUENCE public.realtors_realtor_id_seq OWNED BY public.realtors_realtor.id;


--
-- Name: auth_group id; Type: DEFAULT; Schema: public; Owner: postgres
--

ALTER TABLE ONLY public.auth_group ALTER COLUMN id SET DEFAULT nextval('public.auth_group_id_seq'::regclass);


--
-- Name: auth_group_permissions id; Type: DEFAULT; Schema: public; Owner: postgres
--

ALTER TABLE ONLY public.auth_group_permissions ALTER COLUMN id SET DEFAULT nextval('public.auth_group_permissions_id_seq'::regclass);


--
-- Name: auth_permission id; Type: DEFAULT; Schema: public; Owner: postgres
--

ALTER TABLE ONLY public.auth_permission ALTER COLUMN id SET DEFAULT nextval('public.auth_permission_id_seq'::regclass);


--
-- Name: auth_user id; Type: DEFAULT; Schema: public; Owner: postgres
--

ALTER TABLE ONLY public.auth_user ALTER COLUMN id SET DEFAULT nextval('public.auth_user_id_seq'::regclass);


--
-- Name: auth_user_groups id; Type: DEFAULT; Schema: public; Owner: postgres
--

ALTER TABLE ONLY public.auth_user_groups ALTER COLUMN id SET DEFAULT nextval('public.auth_user_groups_id_seq'::regclass);


--
-- Name: auth_user_user_permissions id; Type: DEFAULT; Schema: public; Owner: postgres
--

ALTER TABLE ONLY public.auth_user_user_permissions ALTER COLUMN id SET DEFAULT nextval('public.auth_user_user_permissions_id_seq'::regclass);


--
-- Name: contacts_contact id; Type: DEFAULT; Schema: public; Owner: postgres
--

ALTER TABLE ONLY public.contacts_contact ALTER COLUMN id SET DEFAULT nextval('public.contacts_contact_id_seq'::regclass);


--
-- Name: django_admin_log id; Type: DEFAULT; Schema: public; Owner: postgres
--

ALTER TABLE ONLY public.django_admin_log ALTER COLUMN id SET DEFAULT nextval('public.django_admin_log_id_seq'::regclass);


--
-- Name: django_content_type id; Type: DEFAULT; Schema: public; Owner: postgres
--

ALTER TABLE ONLY public.django_content_type ALTER COLUMN id SET DEFAULT nextval('public.django_content_type_id_seq'::regclass);


--
-- Name: django_migrations id; Type: DEFAULT; Schema: public; Owner: postgres
--

ALTER TABLE ONLY public.django_migrations ALTER COLUMN id SET DEFAULT nextval('public.django_migrations_id_seq'::regclass);


--
-- Name: listings_listing id; Type: DEFAULT; Schema: public; Owner: postgres
--

ALTER TABLE ONLY public.listings_listing ALTER COLUMN id SET DEFAULT nextval('public.listings_listing_id_seq'::regclass);


--
-- Name: realtors_realtor id; Type: DEFAULT; Schema: public; Owner: postgres
--

ALTER TABLE ONLY public.realtors_realtor ALTER COLUMN id SET DEFAULT nextval('public.realtors_realtor_id_seq'::regclass);


--
-- Data for Name: auth_group; Type: TABLE DATA; Schema: public; Owner: postgres
--

COPY public.auth_group (id, name) FROM stdin;
\.


--
-- Data for Name: auth_group_permissions; Type: TABLE DATA; Schema: public; Owner: postgres
--

COPY public.auth_group_permissions (id, group_id, permission_id) FROM stdin;
\.


--
-- Data for Name: auth_permission; Type: TABLE DATA; Schema: public; Owner: postgres
--

COPY public.auth_permission (id, name, content_type_id, codename) FROM stdin;
1	Can add log entry	1	add_logentry
2	Can change log entry	1	change_logentry
3	Can delete log entry	1	delete_logentry
4	Can view log entry	1	view_logentry
5	Can add permission	2	add_permission
6	Can change permission	2	change_permission
7	Can delete permission	2	delete_permission
8	Can view permission	2	view_permission
9	Can add group	3	add_group
10	Can change group	3	change_group
11	Can delete group	3	delete_group
12	Can view group	3	view_group
13	Can add user	4	add_user
14	Can change user	4	change_user
15	Can delete user	4	delete_user
16	Can view user	4	view_user
17	Can add content type	5	add_contenttype
18	Can change content type	5	change_contenttype
19	Can delete content type	5	delete_contenttype
20	Can view content type	5	view_contenttype
21	Can add session	6	add_session
22	Can change session	6	change_session
23	Can delete session	6	delete_session
24	Can view session	6	view_session
25	Can add listing	7	add_listing
26	Can change listing	7	change_listing
27	Can delete listing	7	delete_listing
28	Can view listing	7	view_listing
29	Can add realtor	8	add_realtor
30	Can change realtor	8	change_realtor
31	Can delete realtor	8	delete_realtor
32	Can view realtor	8	view_realtor
33	Can add contact	9	add_contact
34	Can change contact	9	change_contact
35	Can delete contact	9	delete_contact
36	Can view contact	9	view_contact
\.


--
-- Data for Name: auth_user; Type: TABLE DATA; Schema: public; Owner: postgres
--

COPY public.auth_user (id, password, last_login, is_superuser, username, first_name, last_name, email, is_staff, is_active, date_joined) FROM stdin;
2	pbkdf2_sha256$216000$kbV54z5tHOtb$2O3Npk7rwKkUCb0mtXCjhPL2zQT6apxwZu/Up4WKYBg=	\N	f	hellothere	hello	ther	hello@email.com	f	t	2021-04-11 13:43:57.795953-07
3	pbkdf2_sha256$216000$yQHIxwPAvMS8$Er7TtPBjgFF+pgCAv9GzS6ca8+ti2ad8lmYIr7+iOfA=	2021-04-11 16:00:11.996981-07	f	helloname	hello	there	helloname@email.com	f	t	2021-04-11 13:56:14.445747-07
1	pbkdf2_sha256$216000$2fw5QldxlPMg$06GMZkcvu9no50WYNz25b69AVHgWa/UYxHDyIAD0YOM=	2021-04-12 22:15:58.360404-07	t	kevin			kevin@gmail.com	t	t	2021-03-28 19:17:31.284744-07
\.


--
-- Data for Name: auth_user_groups; Type: TABLE DATA; Schema: public; Owner: postgres
--

COPY public.auth_user_groups (id, user_id, group_id) FROM stdin;
\.


--
-- Data for Name: auth_user_user_permissions; Type: TABLE DATA; Schema: public; Owner: postgres
--

COPY public.auth_user_user_permissions (id, user_id, permission_id) FROM stdin;
\.


--
-- Data for Name: contacts_contact; Type: TABLE DATA; Schema: public; Owner: postgres
--

COPY public.contacts_contact (id, listing, listing_id, name, email, phone, message, contact_date, user_id) FROM stdin;
1	1 Maple Cir	6	hello there	helloname@email.com	34234	interestedddd	2021-04-11 08:50:23.749553-07	3
2	888 Chocolate Way	4	hello there	helloname@email.com	111	1st inquiry	2021-04-11 09:02:06.056302-07	3
\.


--
-- Data for Name: django_admin_log; Type: TABLE DATA; Schema: public; Owner: postgres
--

COPY public.django_admin_log (id, action_time, object_id, object_repr, action_flag, change_message, content_type_id, user_id) FROM stdin;
1	2021-03-28 19:55:58.761476-07	1	Charlie	1	[{"added": {}}]	8	1
2	2021-03-28 19:57:13.969999-07	2	Jenny	1	[{"added": {}}]	8	1
3	2021-03-28 19:58:29.824918-07	3	May	1	[{"added": {}}]	8	1
4	2021-03-28 20:20:20.677904-07	1	12 Wheatfield Dr	1	[{"added": {}}]	7	1
5	2021-03-28 20:22:30.83012-07	2	1300 Haywire Rd	1	[{"added": {}}]	7	1
6	2021-03-28 20:25:42.424998-07	3	650 Forest St	1	[{"added": {}}]	7	1
7	2021-03-28 20:27:45.256145-07	4	888 Chocolate Way	1	[{"added": {}}]	7	1
8	2021-03-28 20:29:51.865414-07	5	22550 Park Ave	1	[{"added": {}}]	7	1
9	2021-03-28 20:31:54.60109-07	6	1 Maple Cir	1	[{"added": {}}]	7	1
10	2021-03-28 20:34:43.993376-07	7	1945 Whiskers Rd	1	[{"added": {}}]	7	1
11	2021-03-28 20:37:33.556232-07	8	747 Alpine Plaza	1	[{"added": {}}]	7	1
12	2021-03-28 20:39:41.718328-07	9	35 Redwood Blvd	1	[{"added": {}}]	7	1
13	2021-03-28 21:49:00.177616-07	3	650 Forest St	2	[{"changed": {"fields": ["State"]}}]	7	1
14	2021-03-28 21:49:11.203525-07	2	1300 Haywire Rd	2	[{"changed": {"fields": ["State"]}}]	7	1
15	2021-03-28 21:49:16.638509-07	2	1300 Haywire Rd	2	[]	7	1
16	2021-03-28 21:49:25.290179-07	1	12 Wheatfield Dr	2	[{"changed": {"fields": ["State"]}}]	7	1
17	2021-03-28 22:35:09.948773-07	9	35 Redwood Blvd	2	[{"changed": {"fields": ["Realtor"]}}]	7	1
18	2021-03-28 22:35:22.467797-07	5	22550 Park Ave	2	[{"changed": {"fields": ["Realtor"]}}]	7	1
19	2021-03-28 22:35:36.226594-07	2	1300 Haywire Rd	2	[{"changed": {"fields": ["Realtor"]}}]	7	1
20	2021-03-28 22:36:01.707954-07	1	12 Wheatfield Dr	2	[{"changed": {"fields": ["Realtor"]}}]	7	1
21	2021-04-04 11:57:12.22468-07	3	May	2	[{"changed": {"fields": ["Is mvp"]}}]	8	1
22	2021-04-04 12:19:15.261915-07	1	Charlie	2	[{"changed": {"fields": ["Is mvp"]}}]	8	1
23	2021-04-04 14:13:52.360955-07	9	35 Redwood Blvd	2	[{"changed": {"fields": ["Description"]}}]	7	1
24	2021-04-04 14:23:20.05714-07	9	35 Redwood Blvd	2	[{"changed": {"fields": ["Description"]}}]	7	1
25	2021-04-11 19:12:00.829351-07	4	888 Chocolate Way	2	[{"changed": {"fields": ["List date"]}}]	7	1
26	2021-04-11 19:12:25.463069-07	5	22550 Park Ave	2	[{"changed": {"fields": ["List date"]}}]	7	1
27	2021-04-11 19:12:53.503618-07	7	1945 Whiskers Rd	2	[{"changed": {"fields": ["List date"]}}]	7	1
\.


--
-- Data for Name: django_content_type; Type: TABLE DATA; Schema: public; Owner: postgres
--

COPY public.django_content_type (id, app_label, model) FROM stdin;
1	admin	logentry
2	auth	permission
3	auth	group
4	auth	user
5	contenttypes	contenttype
6	sessions	session
7	listings	listing
8	realtors	realtor
9	contacts	contact
\.


--
-- Data for Name: django_migrations; Type: TABLE DATA; Schema: public; Owner: postgres
--

COPY public.django_migrations (id, app, name, applied) FROM stdin;
1	contenttypes	0001_initial	2021-03-28 18:22:08.236597-07
2	auth	0001_initial	2021-03-28 18:22:08.2991-07
3	admin	0001_initial	2021-03-28 18:22:08.344267-07
4	admin	0002_logentry_remove_auto_add	2021-03-28 18:22:08.371719-07
5	admin	0003_logentry_add_action_flag_choices	2021-03-28 18:22:08.379733-07
6	contenttypes	0002_remove_content_type_name	2021-03-28 18:22:08.400392-07
7	auth	0002_alter_permission_name_max_length	2021-03-28 18:22:08.411144-07
8	auth	0003_alter_user_email_max_length	2021-03-28 18:22:08.421875-07
9	auth	0004_alter_user_username_opts	2021-03-28 18:22:08.427016-07
10	auth	0005_alter_user_last_login_null	2021-03-28 18:22:08.439217-07
11	auth	0006_require_contenttypes_0002	2021-03-28 18:22:08.441701-07
12	auth	0007_alter_validators_add_error_messages	2021-03-28 18:22:08.451214-07
13	auth	0008_alter_user_username_max_length	2021-03-28 18:22:08.469008-07
14	auth	0009_alter_user_last_name_max_length	2021-03-28 18:22:08.476064-07
15	auth	0010_alter_group_name_max_length	2021-03-28 18:22:08.492118-07
16	auth	0011_update_proxy_permissions	2021-03-28 18:22:08.511168-07
17	auth	0012_alter_user_first_name_max_length	2021-03-28 18:22:08.519801-07
18	sessions	0001_initial	2021-03-28 18:22:08.531782-07
19	realtors	0001_initial	2021-03-28 19:12:36.103792-07
20	listings	0001_initial	2021-03-28 19:12:36.120765-07
21	contacts	0001_initial	2021-04-11 14:42:50.660358-07
\.


--
-- Data for Name: django_session; Type: TABLE DATA; Schema: public; Owner: postgres
--

COPY public.django_session (session_key, session_data, expire_date) FROM stdin;
whqe5cvpk9yyjjb9nh9aociyro5190a8	.eJxVjEEOwiAQRe_C2hCGWgIu3XsGMsMMUjWQlHZlvLtt0oVu33v_v1XEdSlx7TLHidVFgTr9MsL0lLoLfmC9N51aXeaJ9J7ow3Z9ayyv69H-HRTsZVubAEOymI2hITk3MnhgSdaAJz5bFshOcrZeAqQBmMIGDAGOAR1bpz5f5OY4GA:1lWBP4:u4oXb1Oxk7aQ8Q0RvmiClQo_cY_vx-nzLn8WXf_Zbps	2021-04-26 22:15:58.365392-07
\.


--
-- Data for Name: listings_listing; Type: TABLE DATA; Schema: public; Owner: postgres
--

COPY public.listings_listing (id, title, address, city, state, zipcode, description, price, bedrooms, bathroom, garage, squarefoot, lot_size, photo_main, photo_1, photo_2, photo_3, photo_4, photo_5, photo_6, photo_7, photo_8, photo_9, photo_10, is_published, list_date, realtor_id) FROM stdin;
6	1 Maple Cir	1 Maple Cir	Poway	California	91220	Bibendum ut tristique et egestas quis ipsum suspendisse. Consectetur adipiscing elit ut aliquam purus sit amet luctus. Porttitor massa id neque aliquam vestibulum morbi blandit. Dolor sit amet consectetur adipiscing elit.	835000	6	5.0	3	4500	8500.0	photos/2021/03/28/main_UkOugJ0.jpg	photos/2021/03/28/1_OmRMCTB.jpg	photos/2021/03/28/2_KB0MPi9.jpg	photos/2021/03/28/3_iO79M0d.jpg	photos/2021/03/28/4_Lb5S3kz.jpg	photos/2021/03/28/5_aXAf4do.jpg	photos/2021/03/28/6_07O8ag0.jpg	photos/2021/03/28/7_ssWoQCh.jpg				t	2021-05-01 05:00:00-07	2
8	747 Alpine Plaza	747 Alpine Plaza	Mill Valley	Washington	98205	Tempus imperdiet nulla malesuada pellentesque elit eget gravida cum sociis. In hac habitasse platea dictumst. Commodo sed egestas egestas fringilla phasellus faucibus. Ullamcorper a lacus vestibulum sed arcu non odio.	2000000	7	6.0	4	8000	9600.0	photos/2021/03/28/main_qu3jVdO.jpg	photos/2021/03/28/1_hriDpNm.jpg	photos/2021/03/28/2_8YHejcP.jpg	photos/2021/03/28/3_SO2b9ur.jpg	photos/2021/03/28/4_3E7F6h6.jpg	photos/2021/03/28/5_Yg8IfJ1.jpg	photos/2021/03/28/6_teZc92G.jpg	photos/2021/03/28/7_DMHdx6O.jpg				t	2021-03-02 16:00:00-08	3
3	650 Forest St	650 Forest St	Burlingame	California	94010	Purus non enim praesent elementum. Mattis aliquam faucibus purus in massa tempor nec. Risus quis varius quam quisque id diam. Cursus mattis molestie a iaculis at erat.	450000	2	1.0	0	1300	1650.0	photos/2021/03/28/main_YCjYrnK.jpg	photos/2021/03/28/1_NJVZkgy.jpg	photos/2021/03/28/2_fetcxNs.jpg	photos/2021/03/28/3_ABscaGI.jpg	photos/2021/03/28/4_IJboJ3C.jpg	photos/2021/03/28/5_XA395Ow.jpg						t	2021-03-28 13:22:34-07	1
9	35 Redwood Blvd	35 Redwood Blvd	Spokane	Washington	98423	Lorem ipsum dolor sit amet, consectetur adipiscing elit, sed do eiusmod tempor incididunt ut labore et dolore magna aliqua. Et netus et malesuada fames. Nisl suscipit adipiscing bibendum est ultricies integer quis auctor elit. Facilisis volutpat est velit egestas dui id ornare arcu odio. Has pool	525000	2	1.0	1	1400	2000.0	photos/2021/03/28/main_69K9Lcu.jpg	photos/2021/03/28/1_eim7iqI.jpg	photos/2021/03/28/2_yVuzHFg.jpg	photos/2021/03/28/3_kZWhiSp.jpg	photos/2021/03/28/4_ZFMTMwS.jpg	photos/2021/03/28/5_iO90Rgc.jpg	photos/2021/03/28/6_kiyVc4g.jpg					t	2021-03-28 13:37:33-07	1
4	888 Chocolate Way	888 Chocolate Way	Tucson	Arizona	90823	Lorem ipsum dolor sit amet, consectetur adipiscing elit, sed do eiusmod tempor incididunt ut labore et dolore magna aliqua.	725000	4	2.5	1	1900	3500.0	photos/2021/03/28/main_rORWzH3.jpg	photos/2021/03/28/1_tCtKOf3.jpg	photos/2021/03/28/2_KgBSleH.jpg	photos/2021/03/28/3_4zWsh0F.jpg	photos/2021/03/28/4_tKrcp5c.jpg	photos/2021/03/28/5_tCdZCZS.jpg	photos/2021/03/28/6_QQYfAbb.jpg	photos/2021/03/28/7.jpg	photos/2021/03/28/8.jpg			t	2021-04-06 08:03:00-07	2
2	1300 Haywire Rd	1300 Haywire Rd	San Francisco	California	94121	Dui nunc mattis enim ut tellus elementum sagittis vitae et. Adipiscing bibendum est ultricies integer quis auctor elit sed vulputate. Massa ultricies mi quis hendrerit dolor magna eget.	895000	3	1.5	1	1800	2500.0	photos/2021/03/28/main_RSepC9c.jpg	photos/2021/03/28/1_ytUkcZ4.jpg	photos/2021/03/28/2_CQhbHbP.jpg	photos/2021/03/28/3_ICg0N0x.jpg	photos/2021/03/28/4_8U95RGw.jpg	photos/2021/03/28/5_OfZyPRZ.jpg	photos/2021/03/28/6.jpg					t	2021-04-01 05:00:00-07	3
1	12 Wheatfield Dr	12 Wheatfield Dr	San Francisco	California	94110	Lorem ipsum dolor sit amet, consectetur adipiscing elit, sed do eiusmod tempor incididunt ut labore et dolore magna aliqua. Aenean et tortor at risus viverra adipiscing at in tellus. Sodales ut etiam sit amet nisl purus in mollis.	1500000	5	3.5	2	2800	4500.0	photos/2021/03/28/main.jpg	photos/2021/03/28/1.jpg	photos/2021/03/28/2.jpg	photos/2021/03/28/3.jpg	photos/2021/03/28/4.jpg	photos/2021/03/28/5.jpg						t	2021-02-28 22:00:00-08	2
5	22550 Park Ave	22250 Park Ave	Reno	Neveda	98302	Lorem ipsum dolor sit amet, consectetur adipiscing elit, sed do eiusmod tempor incididunt ut labore et dolore magna aliqua. Amet tellus cras adipiscing enim.	650000	3	3.0	2	3000	6000.0	photos/2021/03/28/main_ygB2v7W.jpg	photos/2021/03/28/1_fvu4W0V.jpg	photos/2021/03/28/2_1B51SfN.jpg	photos/2021/03/28/3_5jON0N1.jpg	photos/2021/03/28/4_Dru3wFw.jpg	photos/2021/03/28/5_4fdXjww.jpg	photos/2021/03/28/6_T7dhvNJ.jpg					t	2021-04-10 13:27:56-07	1
7	1945 Whiskers Rd	1945 Whiskers Rd	Seattle	Washington	98128	Montes nascetur ridiculus mus mauris vitae ultricies leo. Imperdiet nulla malesuada pellentesque elit. Ut enim blandit volutpat maecenas. Habitasse platea dictumst vestibulum rhoncus est pellentesque.	1250000	4	4.0	3	2500	2800.0	photos/2021/03/28/main_fJPZB0t.jpg	photos/2021/03/28/1_xLs3hti.jpg	photos/2021/03/28/2_lp4YP9l.jpg	photos/2021/03/28/3_F3vI46L.jpg	photos/2021/03/28/4_hyRFgoB.jpg	photos/2021/03/28/5_dCaRBKP.jpg						t	2021-04-09 02:35:00-07	3
\.


--
-- Data for Name: realtors_realtor; Type: TABLE DATA; Schema: public; Owner: postgres
--

COPY public.realtors_realtor (id, name, photo, description, phone, email, is_mvp, hire_date) FROM stdin;
2	Jenny	photos/2021/03/28/realtor2.PNG	Lorem ipsum dolor sit amet, consectetur adipiscing elit, sed do eiusmod tempor incididunt ut labore et dolore magna aliqua. Arcu dui vivamus arcu felis bibendum ut tristique et. Nunc mattis enim ut tellus elementum sagittis vitae et.	408-444-4444	Jenny@RealEstate.co	f	2021-03-31 05:00:00-07
3	May	photos/2021/03/28/realtor1.PNG	Lorem ipsum dolor sit amet, consectetur adipiscing elit, sed do eiusmod tempor incididunt ut labore et dolore magna aliqua. Aenean et tortor at risus viverra adipiscing at in tellus. Sodales ut etiam sit amet nisl purus in mollis.	510-555-5555	May@RealEstate.co	t	2017-11-28 07:00:00-08
1	Charlie	photos/2021/03/28/realtor3.PNG	Lorem ipsum dolor sit amet, consectetur adipiscing elit, sed do eiusmod tempor incididunt ut labore et dolore magna aliqua. A iaculis at erat pellentesque adipiscing commodo. Sollicitudin ac orci phasellus egestas tellus rutrum tellus. Consequat mauris nunc congue nisi vitae suscipit tellus mauris a. Condimentum vitae sapien pellentesque habitant morbi tristique.	415-333-3333	Charlie@RealEstate.co	f	2021-03-01 01:50:44-08
\.


--
-- Name: auth_group_id_seq; Type: SEQUENCE SET; Schema: public; Owner: postgres
--

SELECT pg_catalog.setval('public.auth_group_id_seq', 1, false);


--
-- Name: auth_group_permissions_id_seq; Type: SEQUENCE SET; Schema: public; Owner: postgres
--

SELECT pg_catalog.setval('public.auth_group_permissions_id_seq', 1, false);


--
-- Name: auth_permission_id_seq; Type: SEQUENCE SET; Schema: public; Owner: postgres
--

SELECT pg_catalog.setval('public.auth_permission_id_seq', 36, true);


--
-- Name: auth_user_groups_id_seq; Type: SEQUENCE SET; Schema: public; Owner: postgres
--

SELECT pg_catalog.setval('public.auth_user_groups_id_seq', 1, false);


--
-- Name: auth_user_id_seq; Type: SEQUENCE SET; Schema: public; Owner: postgres
--

SELECT pg_catalog.setval('public.auth_user_id_seq', 3, true);


--
-- Name: auth_user_user_permissions_id_seq; Type: SEQUENCE SET; Schema: public; Owner: postgres
--

SELECT pg_catalog.setval('public.auth_user_user_permissions_id_seq', 1, false);


--
-- Name: contacts_contact_id_seq; Type: SEQUENCE SET; Schema: public; Owner: postgres
--

SELECT pg_catalog.setval('public.contacts_contact_id_seq', 2, true);


--
-- Name: django_admin_log_id_seq; Type: SEQUENCE SET; Schema: public; Owner: postgres
--

SELECT pg_catalog.setval('public.django_admin_log_id_seq', 27, true);


--
-- Name: django_content_type_id_seq; Type: SEQUENCE SET; Schema: public; Owner: postgres
--

SELECT pg_catalog.setval('public.django_content_type_id_seq', 9, true);


--
-- Name: django_migrations_id_seq; Type: SEQUENCE SET; Schema: public; Owner: postgres
--

SELECT pg_catalog.setval('public.django_migrations_id_seq', 21, true);


--
-- Name: listings_listing_id_seq; Type: SEQUENCE SET; Schema: public; Owner: postgres
--

SELECT pg_catalog.setval('public.listings_listing_id_seq', 9, true);


--
-- Name: realtors_realtor_id_seq; Type: SEQUENCE SET; Schema: public; Owner: postgres
--

SELECT pg_catalog.setval('public.realtors_realtor_id_seq', 3, true);


--
-- Name: auth_group auth_group_name_key; Type: CONSTRAINT; Schema: public; Owner: postgres
--

ALTER TABLE ONLY public.auth_group
    ADD CONSTRAINT auth_group_name_key UNIQUE (name);


--
-- Name: auth_group_permissions auth_group_permissions_group_id_permission_id_0cd325b0_uniq; Type: CONSTRAINT; Schema: public; Owner: postgres
--

ALTER TABLE ONLY public.auth_group_permissions
    ADD CONSTRAINT auth_group_permissions_group_id_permission_id_0cd325b0_uniq UNIQUE (group_id, permission_id);


--
-- Name: auth_group_permissions auth_group_permissions_pkey; Type: CONSTRAINT; Schema: public; Owner: postgres
--

ALTER TABLE ONLY public.auth_group_permissions
    ADD CONSTRAINT auth_group_permissions_pkey PRIMARY KEY (id);


--
-- Name: auth_group auth_group_pkey; Type: CONSTRAINT; Schema: public; Owner: postgres
--

ALTER TABLE ONLY public.auth_group
    ADD CONSTRAINT auth_group_pkey PRIMARY KEY (id);


--
-- Name: auth_permission auth_permission_content_type_id_codename_01ab375a_uniq; Type: CONSTRAINT; Schema: public; Owner: postgres
--

ALTER TABLE ONLY public.auth_permission
    ADD CONSTRAINT auth_permission_content_type_id_codename_01ab375a_uniq UNIQUE (content_type_id, codename);


--
-- Name: auth_permission auth_permission_pkey; Type: CONSTRAINT; Schema: public; Owner: postgres
--

ALTER TABLE ONLY public.auth_permission
    ADD CONSTRAINT auth_permission_pkey PRIMARY KEY (id);


--
-- Name: auth_user_groups auth_user_groups_pkey; Type: CONSTRAINT; Schema: public; Owner: postgres
--

ALTER TABLE ONLY public.auth_user_groups
    ADD CONSTRAINT auth_user_groups_pkey PRIMARY KEY (id);


--
-- Name: auth_user_groups auth_user_groups_user_id_group_id_94350c0c_uniq; Type: CONSTRAINT; Schema: public; Owner: postgres
--

ALTER TABLE ONLY public.auth_user_groups
    ADD CONSTRAINT auth_user_groups_user_id_group_id_94350c0c_uniq UNIQUE (user_id, group_id);


--
-- Name: auth_user auth_user_pkey; Type: CONSTRAINT; Schema: public; Owner: postgres
--

ALTER TABLE ONLY public.auth_user
    ADD CONSTRAINT auth_user_pkey PRIMARY KEY (id);


--
-- Name: auth_user_user_permissions auth_user_user_permissions_pkey; Type: CONSTRAINT; Schema: public; Owner: postgres
--

ALTER TABLE ONLY public.auth_user_user_permissions
    ADD CONSTRAINT auth_user_user_permissions_pkey PRIMARY KEY (id);


--
-- Name: auth_user_user_permissions auth_user_user_permissions_user_id_permission_id_14a6b632_uniq; Type: CONSTRAINT; Schema: public; Owner: postgres
--

ALTER TABLE ONLY public.auth_user_user_permissions
    ADD CONSTRAINT auth_user_user_permissions_user_id_permission_id_14a6b632_uniq UNIQUE (user_id, permission_id);


--
-- Name: auth_user auth_user_username_key; Type: CONSTRAINT; Schema: public; Owner: postgres
--

ALTER TABLE ONLY public.auth_user
    ADD CONSTRAINT auth_user_username_key UNIQUE (username);


--
-- Name: contacts_contact contacts_contact_pkey; Type: CONSTRAINT; Schema: public; Owner: postgres
--

ALTER TABLE ONLY public.contacts_contact
    ADD CONSTRAINT contacts_contact_pkey PRIMARY KEY (id);


--
-- Name: django_admin_log django_admin_log_pkey; Type: CONSTRAINT; Schema: public; Owner: postgres
--

ALTER TABLE ONLY public.django_admin_log
    ADD CONSTRAINT django_admin_log_pkey PRIMARY KEY (id);


--
-- Name: django_content_type django_content_type_app_label_model_76bd3d3b_uniq; Type: CONSTRAINT; Schema: public; Owner: postgres
--

ALTER TABLE ONLY public.django_content_type
    ADD CONSTRAINT django_content_type_app_label_model_76bd3d3b_uniq UNIQUE (app_label, model);


--
-- Name: django_content_type django_content_type_pkey; Type: CONSTRAINT; Schema: public; Owner: postgres
--

ALTER TABLE ONLY public.django_content_type
    ADD CONSTRAINT django_content_type_pkey PRIMARY KEY (id);


--
-- Name: django_migrations django_migrations_pkey; Type: CONSTRAINT; Schema: public; Owner: postgres
--

ALTER TABLE ONLY public.django_migrations
    ADD CONSTRAINT django_migrations_pkey PRIMARY KEY (id);


--
-- Name: django_session django_session_pkey; Type: CONSTRAINT; Schema: public; Owner: postgres
--

ALTER TABLE ONLY public.django_session
    ADD CONSTRAINT django_session_pkey PRIMARY KEY (session_key);


--
-- Name: listings_listing listings_listing_pkey; Type: CONSTRAINT; Schema: public; Owner: postgres
--

ALTER TABLE ONLY public.listings_listing
    ADD CONSTRAINT listings_listing_pkey PRIMARY KEY (id);


--
-- Name: realtors_realtor realtors_realtor_pkey; Type: CONSTRAINT; Schema: public; Owner: postgres
--

ALTER TABLE ONLY public.realtors_realtor
    ADD CONSTRAINT realtors_realtor_pkey PRIMARY KEY (id);


--
-- Name: auth_group_name_a6ea08ec_like; Type: INDEX; Schema: public; Owner: postgres
--

CREATE INDEX auth_group_name_a6ea08ec_like ON public.auth_group USING btree (name varchar_pattern_ops);


--
-- Name: auth_group_permissions_group_id_b120cbf9; Type: INDEX; Schema: public; Owner: postgres
--

CREATE INDEX auth_group_permissions_group_id_b120cbf9 ON public.auth_group_permissions USING btree (group_id);


--
-- Name: auth_group_permissions_permission_id_84c5c92e; Type: INDEX; Schema: public; Owner: postgres
--

CREATE INDEX auth_group_permissions_permission_id_84c5c92e ON public.auth_group_permissions USING btree (permission_id);


--
-- Name: auth_permission_content_type_id_2f476e4b; Type: INDEX; Schema: public; Owner: postgres
--

CREATE INDEX auth_permission_content_type_id_2f476e4b ON public.auth_permission USING btree (content_type_id);


--
-- Name: auth_user_groups_group_id_97559544; Type: INDEX; Schema: public; Owner: postgres
--

CREATE INDEX auth_user_groups_group_id_97559544 ON public.auth_user_groups USING btree (group_id);


--
-- Name: auth_user_groups_user_id_6a12ed8b; Type: INDEX; Schema: public; Owner: postgres
--

CREATE INDEX auth_user_groups_user_id_6a12ed8b ON public.auth_user_groups USING btree (user_id);


--
-- Name: auth_user_user_permissions_permission_id_1fbb5f2c; Type: INDEX; Schema: public; Owner: postgres
--

CREATE INDEX auth_user_user_permissions_permission_id_1fbb5f2c ON public.auth_user_user_permissions USING btree (permission_id);


--
-- Name: auth_user_user_permissions_user_id_a95ead1b; Type: INDEX; Schema: public; Owner: postgres
--

CREATE INDEX auth_user_user_permissions_user_id_a95ead1b ON public.auth_user_user_permissions USING btree (user_id);


--
-- Name: auth_user_username_6821ab7c_like; Type: INDEX; Schema: public; Owner: postgres
--

CREATE INDEX auth_user_username_6821ab7c_like ON public.auth_user USING btree (username varchar_pattern_ops);


--
-- Name: django_admin_log_content_type_id_c4bce8eb; Type: INDEX; Schema: public; Owner: postgres
--

CREATE INDEX django_admin_log_content_type_id_c4bce8eb ON public.django_admin_log USING btree (content_type_id);


--
-- Name: django_admin_log_user_id_c564eba6; Type: INDEX; Schema: public; Owner: postgres
--

CREATE INDEX django_admin_log_user_id_c564eba6 ON public.django_admin_log USING btree (user_id);


--
-- Name: django_session_expire_date_a5c62663; Type: INDEX; Schema: public; Owner: postgres
--

CREATE INDEX django_session_expire_date_a5c62663 ON public.django_session USING btree (expire_date);


--
-- Name: django_session_session_key_c0390e0f_like; Type: INDEX; Schema: public; Owner: postgres
--

CREATE INDEX django_session_session_key_c0390e0f_like ON public.django_session USING btree (session_key varchar_pattern_ops);


--
-- Name: listings_listing_realtor_id_90583529; Type: INDEX; Schema: public; Owner: postgres
--

CREATE INDEX listings_listing_realtor_id_90583529 ON public.listings_listing USING btree (realtor_id);


--
-- Name: auth_group_permissions auth_group_permissio_permission_id_84c5c92e_fk_auth_perm; Type: FK CONSTRAINT; Schema: public; Owner: postgres
--

ALTER TABLE ONLY public.auth_group_permissions
    ADD CONSTRAINT auth_group_permissio_permission_id_84c5c92e_fk_auth_perm FOREIGN KEY (permission_id) REFERENCES public.auth_permission(id) DEFERRABLE INITIALLY DEFERRED;


--
-- Name: auth_group_permissions auth_group_permissions_group_id_b120cbf9_fk_auth_group_id; Type: FK CONSTRAINT; Schema: public; Owner: postgres
--

ALTER TABLE ONLY public.auth_group_permissions
    ADD CONSTRAINT auth_group_permissions_group_id_b120cbf9_fk_auth_group_id FOREIGN KEY (group_id) REFERENCES public.auth_group(id) DEFERRABLE INITIALLY DEFERRED;


--
-- Name: auth_permission auth_permission_content_type_id_2f476e4b_fk_django_co; Type: FK CONSTRAINT; Schema: public; Owner: postgres
--

ALTER TABLE ONLY public.auth_permission
    ADD CONSTRAINT auth_permission_content_type_id_2f476e4b_fk_django_co FOREIGN KEY (content_type_id) REFERENCES public.django_content_type(id) DEFERRABLE INITIALLY DEFERRED;


--
-- Name: auth_user_groups auth_user_groups_group_id_97559544_fk_auth_group_id; Type: FK CONSTRAINT; Schema: public; Owner: postgres
--

ALTER TABLE ONLY public.auth_user_groups
    ADD CONSTRAINT auth_user_groups_group_id_97559544_fk_auth_group_id FOREIGN KEY (group_id) REFERENCES public.auth_group(id) DEFERRABLE INITIALLY DEFERRED;


--
-- Name: auth_user_groups auth_user_groups_user_id_6a12ed8b_fk_auth_user_id; Type: FK CONSTRAINT; Schema: public; Owner: postgres
--

ALTER TABLE ONLY public.auth_user_groups
    ADD CONSTRAINT auth_user_groups_user_id_6a12ed8b_fk_auth_user_id FOREIGN KEY (user_id) REFERENCES public.auth_user(id) DEFERRABLE INITIALLY DEFERRED;


--
-- Name: auth_user_user_permissions auth_user_user_permi_permission_id_1fbb5f2c_fk_auth_perm; Type: FK CONSTRAINT; Schema: public; Owner: postgres
--

ALTER TABLE ONLY public.auth_user_user_permissions
    ADD CONSTRAINT auth_user_user_permi_permission_id_1fbb5f2c_fk_auth_perm FOREIGN KEY (permission_id) REFERENCES public.auth_permission(id) DEFERRABLE INITIALLY DEFERRED;


--
-- Name: auth_user_user_permissions auth_user_user_permissions_user_id_a95ead1b_fk_auth_user_id; Type: FK CONSTRAINT; Schema: public; Owner: postgres
--

ALTER TABLE ONLY public.auth_user_user_permissions
    ADD CONSTRAINT auth_user_user_permissions_user_id_a95ead1b_fk_auth_user_id FOREIGN KEY (user_id) REFERENCES public.auth_user(id) DEFERRABLE INITIALLY DEFERRED;


--
-- Name: django_admin_log django_admin_log_content_type_id_c4bce8eb_fk_django_co; Type: FK CONSTRAINT; Schema: public; Owner: postgres
--

ALTER TABLE ONLY public.django_admin_log
    ADD CONSTRAINT django_admin_log_content_type_id_c4bce8eb_fk_django_co FOREIGN KEY (content_type_id) REFERENCES public.django_content_type(id) DEFERRABLE INITIALLY DEFERRED;


--
-- Name: django_admin_log django_admin_log_user_id_c564eba6_fk_auth_user_id; Type: FK CONSTRAINT; Schema: public; Owner: postgres
--

ALTER TABLE ONLY public.django_admin_log
    ADD CONSTRAINT django_admin_log_user_id_c564eba6_fk_auth_user_id FOREIGN KEY (user_id) REFERENCES public.auth_user(id) DEFERRABLE INITIALLY DEFERRED;


--
-- Name: listings_listing listings_listing_realtor_id_90583529_fk_realtors_realtor_id; Type: FK CONSTRAINT; Schema: public; Owner: postgres
--

ALTER TABLE ONLY public.listings_listing
    ADD CONSTRAINT listings_listing_realtor_id_90583529_fk_realtors_realtor_id FOREIGN KEY (realtor_id) REFERENCES public.realtors_realtor(id) DEFERRABLE INITIALLY DEFERRED;


--
-- PostgreSQL database dump complete
--

